{"cameraMode":{"drawMode":0,"name":"Shaded","section":"Shading Mode"},"sceneLighting":true,"audioPlay":false,"sceneViewState":{"m_AlwaysRefresh":true,"showFog":true,"showSkybox":true,"showFlares":true,"showImageEffects":true,"showParticleSystems":true,"showVisualEffectGraphs":true,"m_FxEnabled":true},"in2DMode":false,"pivot":{"x":-235.34365844726563,"y":228.4786834716797,"z":444.37701416015627},"rotation":{"x":0.01345534436404705,"y":0.6943930387496948,"z":-0.014140105806291104,"w":0.7196723818778992},"size":2.0808632373809816,"orthographic":false}