{"cameraMode":{"drawMode":0,"name":"Shaded","section":"Shading Mode"},"sceneLighting":true,"audioPlay":false,"sceneViewState":{"m_AlwaysRefresh":true,"showFog":true,"showSkybox":true,"showFlares":true,"showImageEffects":true,"showParticleSystems":true,"showVisualEffectGraphs":true,"m_FxEnabled":true},"in2DMode":false,"pivot":{"x":1724.2220458984375,"y":-1231.689208984375,"z":1770.2901611328125},"rotation":{"x":0.24312499165534974,"y":0.41496604681015017,"z":-0.11665178835391998,"w":0.8691334128379822},"size":1373.8175048828125,"orthographic":false}